y,x,vx,vy,magnitude
64,0,12.784975,-7.087340,14.618002
64,1,12.790770,-7.091447,14.625061
64,2,12.801931,-7.099387,14.638673
64,3,12.818499,-7.111188,14.658885
64,4,12.840532,-7.126902,14.685776
64,5,12.868116,-7.146592,14.719449
64,6,12.901360,-7.170343,14.760044
64,7,12.940397,-7.198261,14.807729
64,8,12.985399,-7.230467,14.862713
64,9,13.036564,-7.267100,14.925238
64,10,13.094128,-7.308308,14.995584
64,11,13.158362,-7.354239,15.074062
64,12,13.229578,-7.405015,15.161002
64,13,13.308123,-7.460696,15.256740
64,14,13.394386,-7.521225,15.361589
64,15,13.488818,-7.586335,15.475810
64,16,13.591939,-7.655435,15.599567
64,17,13.704379,-7.727460,15.732884
64,18,13.826890,-7.800741,15.875593
64,19,13.960224,-7.872950,16.027202
64,20,14.104579,-7.941221,16.186480
64,21,14.257846,-8.002340,16.350034
64,22,14.411091,-8.052042,16.508026
64,23,14.538903,-8.080713,16.633630
64,24,14.589214,-8.065731,16.670369
64,25,14.568868,-8.002076,16.621827
64,26,14.483136,-7.883739,16.489832
64,27,14.398414,-7.754636,16.353859
64,28,14.499220,-7.718277,16.425565
64,29,15.056490,-7.821461,16.966825
64,30,14.613425,-7.569006,16.457280
64,31,14.465736,-7.484854,16.287436
64,32,14.170360,-7.316551,15.947759
64,33,15.022052,-7.877954,16.962435
64,34,14.920062,-7.877318,16.871882
64,35,15.032692,-7.988967,17.023673
64,36,14.825351,-7.632734,16.674821
64,37,14.745593,-7.488121,16.537970
64,38,14.576087,-6.926439,16.138087
64,39,15.038660,-7.444916,16.780586
64,40,14.549598,-7.505322,16.371336
64,41,14.278729,-7.334752,16.052436
64,42,14.245683,-7.753654,16.219082
64,43,14.643920,-8.610932,16.988012
64,44,14.443799,-8.601840,16.811156
64,45,12.830223,-8.349599,15.307855
64,46,13.258682,-8.754864,15.888370
64,47,13.258682,-8.754864,15.888370
64,48,13.721843,-8.702091,16.248549
64,49,12.743332,-8.019086,15.056502
64,50,12.743332,-8.019086,15.056502
64,51,13.249178,-8.103135,15.530664
64,52,13.546888,-8.105227,15.786478
64,53,13.706003,-8.036871,15.888544
64,54,13.890823,-8.002439,16.031033
64,55,14.066936,-7.970677,16.168191
64,56,14.217722,-7.928796,16.279110
64,57,14.346966,-7.879418,16.368282
64,58,14.467548,-7.833948,16.452377
64,59,14.584667,-7.797831,16.538400
64,60,14.698565,-7.772318,16.626988
64,61,14.808115,-7.756557,16.716592
64,62,14.912039,-7.748387,16.804952
64,63,15.009008,-7.744780,16.889403
64,64,15.097801,-7.742562,16.967347
64,65,15.177539,-7.739059,17.036746
64,66,15.247840,-7.732399,17.096392
64,67,15.308817,-7.721499,17.145887
64,68,15.360998,-7.705903,17.185494
64,69,15.405210,-7.685568,17.215936
64,70,15.442471,-7.660700,17.238220
64,71,15.473897,-7.631626,17.253498
64,72,15.500644,-7.598716,17.262979
64,73,15.523837,-7.562346,17.267848
64,74,15.544544,-7.522867,17.269232
64,75,15.563740,-7.480611,17.268166
64,76,15.582295,-7.435881,17.265580
64,77,15.600976,-7.388955,17.262303
64,78,15.620438,-7.340092,17.259056
64,79,15.641238,-7.289536,17.256467
64,80,15.663842,-7.237515,17.255074
64,81,15.688634,-7.184245,17.255336
64,82,15.715924,-7.129930,17.257641
64,83,15.745959,-7.074769,17.262317
64,84,15.778926,-7.018945,17.269629
64,85,15.814955,-6.962639,17.279790
64,86,15.854120,-6.906020,17.292953
64,87,15.896444,-6.849251,17.309222
64,88,15.941891,-6.792489,17.328641
64,89,15.990364,-6.735883,17.351192
64,90,16.041702,-6.679575,17.376793
64,91,16.095669,-6.623704,17.405287
64,92,16.151962,-6.568403,17.436450
64,93,16.210196,-6.513795,17.469973
64,94,16.269903,-6.460007,17.505469
64,95,16.330530,-6.407156,17.542459
64,96,16.391455,-6.355358,17.580397
64,97,16.451986,-6.304726,17.618667
64,98,16.511381,-6.255372,17.656596
64,99,16.568865,-6.207408,17.693479
64,100,16.623665,-6.160946,17.728606
64,101,16.675034,-6.116100,17.761290
64,102,16.722286,-6.072993,17.790899
64,103,16.764828,-6.031752,17.816887
64,104,16.802181,-5.992513,17.838820
64,105,16.834003,-5.955428,17.856394
64,106,16.860111,-5.920662,17.869460
64,107,16.880478,-5.888391,17.878022
64,108,16.895252,-5.858797,17.882255
64,109,16.904751,-5.832048,17.882488
64,110,16.909462,-5.808268,17.879203
64,111,16.910027,-5.787484,17.872995
64,112,16.907219,-5.769556,17.864541
64,113,16.901905,-5.754097,17.854524
64,114,16.894993,-5.740401,17.843570
64,115,16.887384,-5.727422,17.832193
64,116,16.879910,-5.713856,17.820760
64,117,16.873302,-5.698329,17.809528
64,118,16.868164,-5.679655,17.798692
64,119,16.864954,-5.657006,17.788434
64,120,16.863956,-5.629849,17.778870
64,121,16.865253,-5.597672,17.769938
64,122,16.868734,-5.559714,17.761324
64,123,16.874189,-5.515036,17.752574
64,124,16.881397,-5.462746,17.743257
64,125,16.889826,-5.401773,17.732608
64,126,16.897722,-5.329886,17.718372
64,127,16.900822,-5.242193,17.695151
64,128,16.891914,-5.130781,17.653942
64,129,16.862000,-4.986816,17.583952
64,130,16.797607,-4.803261,17.470860
64,131,16.678448,-4.592644,17.299219
64,132,16.491455,-4.490422,17.091869
64,133,16.146967,-4.501846,16.762791
64,134,15.447290,-4.945552,16.219657
64,135,15.447290,-4.945552,16.219657
64,136,15.447290,-4.945552,16.219657
64,137,17.366955,-3.977224,17.816549
64,138,17.366955,-3.977224,17.816549
64,139,17.366955,-3.977224,17.816549
64,140,17.034439,-4.954820,17.740416
64,141,17.034439,-4.954820,17.740416
64,142,17.241016,-4.339092,17.778649
64,143,17.563114,-2.940251,17.807528
64,144,17.364603,-3.133811,17.645119
64,145,16.995245,-3.717451,17.397063
64,146,16.718946,-3.513722,17.084186
64,147,16.784344,-2.529837,16.973929
64,148,16.158022,-3.634797,16.561806
64,149,16.223934,-4.006943,16.711422
64,150,17.213930,-3.021358,17.477071
64,151,18.478615,-2.039599,18.590836
64,152,18.648640,-1.308091,18.694461
64,153,17.558075,-1.823895,17.652552
64,154,17.980350,-2.887311,18.210699
64,155,18.481508,-2.718053,18.680309
64,156,18.620056,-2.134364,18.741985
64,157,19.048624,-0.849709,19.067566
64,158,18.127689,-2.813493,18.344723
64,159,18.178370,-2.022732,18.290559
64,160,17.998213,-1.128905,18.033582
64,161,18.384710,-1.085028,18.416701
64,162,18.401726,-1.056835,18.432048
64,163,16.757010,0.001601,16.757010
64,164,16.472364,0.472713,16.479146
64,165,16.936075,-0.214085,16.937428
64,166,17.415989,-1.461342,17.477191
64,167,16.575304,-0.662260,16.588529
64,168,16.166203,-0.086463,16.166434
64,169,15.765731,0.213681,15.767179
64,170,16.169590,-0.984390,16.199527
64,171,16.272013,-0.884147,16.296015
64,172,16.038712,-0.620947,16.050727
64,173,15.729172,-0.940819,15.757284
64,174,15.507297,-1.555127,15.585078
64,175,15.872717,-1.719225,15.965553
64,176,16.035692,-1.258242,16.084981
64,177,15.563798,-1.690971,15.655389
64,178,15.223482,-2.151704,15.374792
64,179,15.113186,-2.167178,15.267778
64,180,15.515055,-1.872158,15.627600
64,181,15.508793,-1.909344,15.625884
64,182,14.766148,-2.220186,14.932124
64,183,14.429466,-2.332779,14.616817
64,184,15.068220,-1.843389,15.180558
64,185,15.898017,-1.672150,15.985713
64,186,14.954237,-0.892554,14.980850
64,187,15.554183,-1.746677,15.651948
64,188,15.554183,-1.746677,15.651948
64,189,15.397020,-1.789802,15.500698
64,190,14.562249,-1.224690,14.613657
64,191,14.831574,-1.246560,14.883868
64,192,14.947849,-1.321437,15.006145
64,193,14.825403,-1.231737,14.876483
64,194,14.132011,-1.522455,14.213783
64,195,14.581461,-1.595333,14.668473
64,196,14.771528,-1.743342,14.874047
64,197,14.718023,-1.840295,14.832629
64,198,13.782777,-2.089988,13.940337
64,199,14.461235,-2.202274,14.627964
64,200,14.951226,-2.297343,15.126697
64,201,14.067964,-2.376036,14.267205
64,202,13.395737,-2.547768,13.635868
64,203,13.440879,-2.699410,13.709268
64,204,12.963554,-2.853906,13.273979
64,205,12.963554,-2.853906,13.273979
64,206,12.963554,-2.853906,13.273979
64,207,12.903880,-3.000210,13.248071
64,208,12.903880,-3.000210,13.248071
64,209,12.903880,-3.000210,13.248071
64,210,12.774066,-1.833829,12.905026
64,211,12.679851,-1.235992,12.739948
64,212,12.635117,-0.928818,12.669210
64,213,12.649500,-0.807148,12.675225
64,214,12.709261,-0.801527,12.734511
64,215,12.764839,-0.853784,12.793360
64,216,12.801046,-0.937870,12.835357
64,217,12.819210,-1.032990,12.860763
64,218,12.811837,-1.133664,12.861896
64,219,12.772880,-1.242907,12.833210
64,220,12.698153,-1.361978,12.770986
64,221,12.599020,-1.488314,12.686622
64,222,12.490910,-1.617008,12.595139
64,223,12.386471,-1.740762,12.508194
64,224,12.293112,-1.856469,12.432501
64,225,12.213675,-1.963577,12.370508
64,226,12.147629,-2.061724,12.321347
64,227,12.093678,-2.150633,12.283414
64,228,12.050562,-2.229905,12.255143
64,229,12.017061,-2.298807,12.234961
64,230,11.992117,-2.356524,12.221460
64,231,11.974850,-2.402401,12.213458
64,232,11.964514,-2.436138,12.210011
64,233,11.960409,-2.457910,12.210352
64,234,11.961796,-2.468378,12.213822
64,235,11.967877,-2.468611,12.219825
64,236,11.977816,-2.459984,12.227820
64,237,11.990759,-2.444074,12.237312
64,238,12.005871,-2.422532,12.247840
64,239,12.022382,-2.396968,12.259002
64,240,12.039610,-2.368847,12.270438
64,241,12.056986,-2.339429,12.281850
64,242,12.074051,-2.309748,12.292992
64,243,12.090459,-2.280618,12.303675
64,244,12.105952,-2.252657,12.313754
64,245,12.120352,-2.226320,12.323126
64,246,12.133539,-2.201930,12.331718
64,247,12.145439,-2.179711,12.339483
64,248,12.156012,-2.159810,12.346392
64,249,12.165237,-2.142320,12.352430
64,250,12.173117,-2.127296,12.357595
64,251,12.179655,-2.114767,12.361886
64,252,12.184864,-2.104744,12.365309
64,253,12.188758,-2.097231,12.367869
64,254,12.191345,-2.092225,12.369572
64,255,12.192636,-2.089723,12.370422
128,0,8.036709,-1.800352,8.235894
128,1,8.038774,-1.801376,8.238134
128,2,8.043886,-1.803704,8.243631
128,3,8.052399,-1.807442,8.252755
128,4,8.064803,-1.812737,8.266019
128,5,8.081692,-1.819764,8.284038
128,6,8.103708,-1.828717,8.307484
128,7,8.131491,-1.839786,8.337023
128,8,8.165608,-1.853144,8.373249
128,9,8.206511,-1.868930,8.416633
128,10,8.254475,-1.887232,8.467467
128,11,8.309574,-1.908082,8.525831
128,12,8.371660,-1.931447,8.591576
128,13,8.440368,-1.957233,8.664327
128,14,8.515138,-1.985289,8.743509
128,15,8.595249,-2.015414,8.828375
128,16,8.679871,-2.047374,8.918066
128,17,8.768099,-2.080909,9.011645
128,18,8.859015,-2.115750,9.108158
128,19,8.951721,-2.151628,9.206672
128,20,9.045374,-2.188283,9.306308
128,21,9.139215,-2.225469,9.406273
128,22,9.232584,-2.262965,9.505873
128,23,9.324924,-2.300568,9.604521
128,24,9.415789,-2.338101,9.701742
128,25,9.504829,-2.375414,9.797161
128,26,9.591800,-2.412374,9.890509
128,27,9.676530,-2.448874,9.981594
128,28,9.758924,-2.484823,10.070300
128,29,9.838945,-2.520147,10.156574
128,30,9.916603,-2.554787,10.240408
128,31,9.991942,-2.588696,10.321834
128,32,10.065036,-2.621840,10.400913
128,33,10.135974,-2.654191,10.477724
128,34,10.204859,-2.685730,10.552359
128,35,10.271802,-2.716445,10.624923
128,36,10.336913,-2.746329,10.695518
128,37,10.400307,-2.775379,10.764252
128,38,10.462090,-2.803598,10.831228
128,39,10.522373,-2.830989,10.896552
128,40,10.581255,-2.857561,10.960320
128,41,10.638834,-2.883321,11.022628
128,42,10.695200,-2.908284,11.083565
128,43,10.750437,-2.932461,11.143214
128,44,10.804625,-2.955867,11.201654
128,45,10.857840,-2.978518,11.258963
128,46,10.910145,-3.000430,11.315204
128,47,10.961605,-3.021621,11.370443
128,48,11.012278,-3.042108,11.424740
128,49,11.062214,-3.061910,11.478147
128,50,11.111462,-3.081045,11.530716
128,51,11.160065,-3.099534,11.582493
128,52,11.208061,-3.117396,11.633520
128,53,11.255486,-3.134649,11.683835
128,54,11.302370,-3.151315,11.733472
128,55,11.348742,-3.167414,11.782463
128,56,11.394623,-3.182965,11.830837
128,57,11.440037,-3.197990,11.878619
128,58,11.485000,-3.212510,11.925831
128,59,11.529528,-3.226544,11.972493
128,60,11.573633,-3.240115,12.018624
128,61,11.617327,-3.253245,12.064240
128,62,11.660616,-3.265953,12.109352
128,63,11.703506,-3.278264,12.153974
128,64,11.746003,-3.290197,12.198114
128,65,11.788106,-3.301777,12.241780
128,66,11.829816,-3.313025,12.284978
128,67,11.871131,-3.323966,12.327713
128,68,11.912046,-3.334621,12.369986
128,69,11.952559,-3.345016,12.411800
128,70,11.992659,-3.355173,12.453154
128,71,12.032341,-3.365119,12.494049
128,72,12.071594,-3.374878,12.534480
128,73,12.110409,-3.384475,12.574445
128,74,12.148770,-3.393938,12.613938
128,75,12.186666,-3.403293,12.652953
128,76,12.224080,-3.412569,12.691484
128,77,12.260998,-3.421793,12.729522
128,78,12.297400,-3.430996,12.767059
128,79,12.333269,-3.440208,12.804084
128,80,12.368586,-3.449462,12.840588
128,81,12.403328,-3.458791,12.876559
128,82,12.437475,-3.468228,12.911987
128,83,12.471004,-3.477812,12.946858
128,84,12.503894,-3.487579,12.981162
128,85,12.536119,-3.497571,13.014886
128,86,12.567656,-3.507829,13.048020
128,87,12.598480,-3.518400,13.080552
128,88,12.628566,-3.529332,13.112470
128,89,12.657889,-3.540676,13.143765
128,90,12.686425,-3.552489,13.174428
128,91,12.714149,-3.564828,13.204454
128,92,12.741037,-3.577759,13.233835
128,93,12.767065,-3.591350,13.262569
128,94,12.792212,-3.605677,13.290658
128,95,12.816454,-3.620819,13.318101
128,96,12.839771,-3.636865,13.344906
128,97,12.862144,-3.653908,13.371080
128,98,12.883553,-3.672054,13.396638
128,99,12.903981,-3.691413,13.421597
128,100,12.923415,-3.712106,13.445980
128,101,12.941840,-3.734264,13.469816
128,102,12.959243,-3.758030,13.493138
128,103,12.975613,-3.783557,13.515984
128,104,12.990938,-3.811013,13.538401
128,105,13.005213,-3.840577,13.560442
128,106,13.018423,-3.872443,13.582163
128,107,13.030561,-3.906820,13.603631
128,108,13.041616,-3.943933,13.624917
128,109,13.051579,-3.984024,13.646104
128,110,13.060426,-4.027355,13.667271
128,111,13.068139,-4.074203,13.688513
128,112,13.074689,-4.124870,13.709925
128,113,13.080038,-4.179678,13.731610
128,114,13.084133,-4.238974,13.753670
128,115,13.086903,-4.303129,13.776209
128,116,13.088255,-4.372546,13.799332
128,117,13.088066,-4.447659,13.823138
128,118,13.086172,-4.528939,13.847714
128,119,13.082359,-4.616900,13.873136
128,120,13.076351,-4.712111,13.899458
128,121,13.067782,-4.815201,13.926704
128,122,13.056176,-4.926887,13.954854
128,123,13.040912,-5.047996,13.983835
128,124,13.021179,-5.179516,14.013511
128,125,12.995914,-5.322670,14.043668
128,126,12.963724,-5.479043,14.074021
128,127,12.922766,-5.650802,14.104235
128,128,12.870598,-5.841076,14.134018
128,129,12.803938,-6.054651,14.163320
128,130,12.718311,-6.299244,14.192812
128,131,12.607447,-6.587920,14.224922
128,132,12.462252,-6.943694,14.266135
128,133,12.269133,-7.407727,14.331994
128,134,12.008675,-8.048918,14.456602
128,135,11.665406,-8.938643,14.696293
128,136,11.665406,-8.938643,14.696293
128,137,11.665406,-8.938643,14.696293
128,138,12.005320,-7.636006,14.228011
128,139,12.158182,-6.867657,13.963742
128,140,12.282455,-6.213578,13.764711
128,141,12.380271,-5.565739,13.573819
128,142,12.504990,-5.053299,13.487424
128,143,12.750151,-4.383962,13.482784
128,144,12.750151,-4.383962,13.482784
128,145,12.750151,-4.383962,13.482784
128,146,13.251416,-4.644335,14.041719
128,147,13.251416,-4.644335,14.041719
128,148,13.251416,-4.644335,14.041719
128,149,13.298141,-5.131152,14.253746
128,150,13.313128,-5.485958,14.399135
128,151,13.244787,-5.608827,14.383439
128,152,12.956446,-5.745499,14.173223
128,153,12.874269,-6.005216,14.205965
128,154,12.874269,-6.005216,14.205965
128,155,12.800488,-6.006563,14.139706
128,156,12.748350,-5.909037,14.051233
128,157,12.718084,-5.989458,14.057855
128,158,12.644302,-5.990806,13.991717
128,159,12.661319,-5.750888,13.906175
128,160,12.661319,-5.750888,13.906175
128,161,12.774840,-5.031010,13.729807
128,162,12.912825,-4.139154,13.560001
128,163,13.000134,-3.662548,13.506211
128,164,13.083363,-3.199873,13.468985
128,165,13.114055,-2.539369,13.357650
128,166,13.126228,-1.555331,13.218053
128,167,13.126228,-1.555331,13.218053
128,168,13.126228,-1.555331,13.218053
128,169,13.048494,-0.426722,13.055470
128,170,13.048494,-0.426722,13.055470
128,171,13.048494,-0.426722,13.055470
128,172,12.970760,0.701888,12.989737
128,173,12.970760,0.701888,12.989737
128,174,12.970760,0.701888,12.989737
128,175,12.937612,1.271975,12.999989
128,176,12.901591,1.560716,12.995649
128,177,12.852578,1.826217,12.981673
128,178,12.768691,2.300916,12.974347
128,179,12.660782,2.491634,12.903629
128,180,12.447250,2.567852,12.709363
128,181,11.897440,2.552488,12.168166
128,182,11.676039,2.658244,11.974813
128,183,11.634655,2.707406,11.945511
128,184,11.700454,2.664467,12.000000
128,185,11.567129,2.435733,11.820798
128,186,11.436459,2.187465,11.643779
128,187,11.371285,1.978584,11.542137
128,188,11.364667,1.811435,11.508126
128,189,11.372484,1.683558,11.496424
128,190,11.380802,1.582480,11.490296
128,191,11.393920,1.496102,11.491725
128,192,11.416269,1.416521,11.503814
128,193,11.448639,1.340095,11.526803
128,194,11.487303,1.264234,11.556661
128,195,11.528708,1.187231,11.589677
128,196,11.569067,1.109531,11.622150
128,197,11.606876,1.031473,11.652618
128,198,11.640872,0.954414,11.679932
128,199,11.667305,0.877873,11.700285
128,200,11.684112,0.804197,11.711755
128,201,11.690978,0.743029,11.714566
128,202,11.690780,0.708707,11.712241
128,203,11.683870,0.704388,11.705084
128,204,11.667749,0.722237,11.690081
128,205,11.641844,0.753034,11.666173
128,206,11.607559,0.789997,11.634411
128,207,11.566936,0.828968,11.596603
128,208,11.521791,0.867623,11.554412
128,209,11.473413,0.904735,11.509030
128,210,11.422615,0.939679,11.461201
128,211,11.369841,0.972117,11.411323
128,212,11.315290,1.001799,11.359551
128,213,11.259020,1.028401,11.305889
128,214,11.201004,1.051394,11.250241
128,215,11.141188,1.069893,11.192441
128,216,11.079514,1.082503,11.132270
128,217,11.015965,1.087168,11.069482
128,218,10.950588,1.081084,11.003823
128,219,10.883495,1.060789,10.935069
128,220,10.814818,1.022597,10.863057
128,221,10.744600,0.963457,10.787710
128,222,10.672708,0.881992,10.709089
128,223,10.598951,0.778979,10.627539
128,224,10.523249,0.657102,10.543744
128,225,10.445644,0.519841,10.458572
128,226,10.366262,0.370540,10.372883
128,227,10.285257,0.212021,10.287442
128,228,10.202797,0.046596,10.202903
128,229,10.119060,-0.123804,10.119817
128,230,10.034275,-0.297359,10.038680
128,231,9.948785,-0.472106,9.959980
128,232,9.863111,-0.645724,9.884226
128,233,9.778034,-0.815363,9.811971
128,234,9.694653,-0.977527,9.743811
128,235,9.614391,-1.128103,9.680348
128,236,9.538903,-1.262575,9.622098
128,237,9.469962,-1.376229,9.569440
128,238,9.409486,-1.464051,9.522703
128,239,9.359122,-1.521754,9.482031
128,240,9.319186,-1.548490,9.446960
128,241,9.288671,-1.547459,9.416689
128,242,9.265734,-1.525234,9.390429
128,243,9.248575,-1.489073,9.367683
128,244,9.235822,-1.445144,9.348200
128,245,9.226516,-1.398011,9.331829
128,246,9.219974,-1.350801,9.318400
128,247,9.215661,-1.305568,9.307681
128,248,9.213119,-1.263642,9.299373
128,249,9.211925,-1.225881,9.293134
128,250,9.211692,-1.192847,9.288603
128,251,9.212070,-1.164912,9.285432
128,252,9.212753,-1.142327,9.283304
128,253,9.213492,-1.125264,9.281954
128,254,9.214093,-1.113834,9.281171
128,255,9.214425,-1.108105,9.280815
192,0,10.269772,-0.676901,10.292055
192,1,10.269905,-0.676858,10.292186
192,2,10.270077,-0.676777,10.292352
192,3,10.270286,-0.676660,10.292552
192,4,10.270531,-0.676504,10.292787
192,5,10.270811,-0.676310,10.293054
192,6,10.271126,-0.676077,10.293352
192,7,10.271474,-0.675805,10.293682
192,8,10.271852,-0.675492,10.294039
192,9,10.272260,-0.675138,10.294422
192,10,10.272693,-0.674742,10.294828
192,11,10.273149,-0.674302,10.295255
192,12,10.273626,-0.673817,10.295699
192,13,10.274122,-0.673285,10.296159
192,14,10.274632,-0.672704,10.296630
192,15,10.275154,-0.672074,10.297110
192,16,10.275683,-0.671391,10.297594
192,17,10.276217,-0.670653,10.298078
192,18,10.276752,-0.669858,10.298560
192,19,10.277283,-0.669004,10.299034
192,20,10.277806,-0.668087,10.299497
192,21,10.278319,-0.667104,10.299945
192,22,10.278816,-0.666052,10.300373
192,23,10.279294,-0.664928,10.300777
192,24,10.279748,-0.663727,10.301153
192,25,10.280175,-0.662446,10.301497
192,26,10.280571,-0.661081,10.301804
192,27,10.280930,-0.659627,10.302069
192,28,10.281247,-0.658078,10.302287
192,29,10.281521,-0.656431,10.302455
192,30,10.281746,-0.654680,10.302568
192,31,10.281919,-0.652820,10.302623
192,32,10.282036,-0.650844,10.302614
192,33,10.282092,-0.648747,10.302538
192,34,10.282084,-0.646523,10.302391
192,35,10.282009,-0.644166,10.302168
192,36,10.281863,-0.641668,10.301866
192,37,10.281643,-0.639024,10.301482
192,38,10.281343,-0.636226,10.301010
192,39,10.280964,-0.633267,10.300449
192,40,10.280500,-0.630141,10.299794
192,41,10.279951,-0.626839,10.299045
192,42,10.279314,-0.623354,10.298197
192,43,10.278587,-0.619679,10.297250
192,44,10.277766,-0.615807,10.296198
192,45,10.276851,-0.611729,10.295041
192,46,10.275840,-0.607437,10.293778
192,47,10.274732,-0.602925,10.292406
192,48,10.273525,-0.598184,10.290925
192,49,10.272219,-0.593207,10.289333
192,50,10.270815,-0.587986,10.287632
192,51,10.269310,-0.582513,10.285818
192,52,10.267705,-0.576781,10.283892
192,53,10.266002,-0.570782,10.281857
192,54,10.264199,-0.564508,10.279711
192,55,10.262299,-0.557953,10.277455
192,56,10.260302,-0.551109,10.275092
192,57,10.258207,-0.543969,10.272620
192,58,10.256020,-0.536525,10.270044
192,59,10.253738,-0.528772,10.267363
192,60,10.251367,-0.520702,10.264582
192,61,10.248905,-0.512308,10.261701
192,62,10.246358,-0.503585,10.258725
192,63,10.243727,-0.494525,10.255657
192,64,10.241014,-0.485122,10.252498
192,65,10.238222,-0.475371,10.249252
192,66,10.235355,-0.465266,10.245925
192,67,10.232415,-0.454801,10.242518
192,68,10.229406,-0.443970,10.239036
192,69,10.226332,-0.432768,10.235485
192,70,10.223194,-0.421190,10.231867
192,71,10.219998,-0.409230,10.228188
192,72,10.216747,-0.396884,10.224453
192,73,10.213446,-0.384147,10.220667
192,74,10.210098,-0.371013,10.216837
192,75,10.206708,-0.357479,10.212966
192,76,10.203279,-0.343540,10.209061
192,77,10.199818,-0.329191,10.205128
192,78,10.196329,-0.314428,10.201176
192,79,10.192816,-0.299247,10.197208
192,80,10.189285,-0.283643,10.193232
192,81,10.185742,-0.267613,10.189257
192,82,10.182192,-0.251151,10.185289
192,83,10.178640,-0.234254,10.181336
192,84,10.175093,-0.216918,10.177405
192,85,10.171555,-0.199137,10.173504
192,86,10.168036,-0.180908,10.169645
192,87,10.164539,-0.162225,10.165834
192,88,10.161072,-0.143083,10.162079
192,89,10.157641,-0.123478,10.158392
192,90,10.154255,-0.103403,10.154781
192,91,10.150917,-0.082853,10.151255
192,92,10.147635,-0.061820,10.147824
192,93,10.144417,-0.040299,10.144497
192,94,10.141268,-0.018281,10.141284
192,95,10.138193,0.004241,10.138194
192,96,10.135199,0.027276,10.135235
192,97,10.132290,0.050834,10.132417
192,98,10.129471,0.074925,10.129748
192,99,10.126743,0.099560,10.127233
192,100,10.124111,0.124751,10.124880
192,101,10.121572,0.150510,10.122691
192,102,10.119127,0.176853,10.120673
192,103,10.116772,0.203793,10.118824
192,104,10.114498,0.231347,10.117144
192,105,10.112299,0.259532,10.115629
192,106,10.110161,0.288366,10.114272
192,107,10.108067,0.317867,10.113063
192,108,10.105993,0.348056,10.111985
192,109,10.103918,0.378952,10.111022
192,110,10.101809,0.410576,10.110149
192,111,10.099625,0.442948,10.109333
192,112,10.097325,0.476085,10.108543
192,113,10.094860,0.510004,10.107735
192,114,10.092175,0.544716,10.106864
192,115,10.089210,0.580226,10.105880
192,116,10.085903,0.616531,10.104729
192,117,10.082192,0.653612,10.103356
192,118,10.078017,0.691434,10.101708
192,119,10.073324,0.729936,10.099736
192,120,10.068068,0.769027,10.097395
192,121,10.062214,0.808571,10.094649
192,122,10.055748,0.848382,10.091473
192,123,10.048659,0.888204,10.087837
192,124,10.040942,0.927701,10.083707
192,125,10.032570,0.966433,10.079010
192,126,10.023460,1.003835,10.073601
192,127,10.013425,1.039187,10.067204
192,128,10.002086,1.071576,10.059324
192,129,9.988766,1.099841,10.049134
192,130,9.972357,1.122486,10.035331
192,131,9.951143,1.137525,10.015948
192,132,9.922610,1.142196,9.988133
192,133,9.883176,1.132393,9.947838
192,134,9.827770,1.101570,9.889314
192,135,9.748880,1.038499,9.804037
192,136,9.634096,0.922277,9.678141
192,137,9.459524,0.708980,9.486056
192,138,9.171282,0.288603,9.175822
192,139,9.171282,0.288603,9.175822
192,140,9.327386,0.509935,9.341315
192,141,9.483489,0.731267,9.511641
192,142,9.483489,0.731267,9.511641
192,143,9.795697,1.173931,9.865789
192,144,9.795697,1.173931,9.865789
192,145,9.994084,1.695392,10.136867
192,146,10.085103,1.985942,10.278778
192,147,10.077502,2.109058,10.295833
192,148,10.208942,2.287079,10.461990
192,149,10.333662,2.168523,10.558743
192,150,10.389017,2.356671,10.652961
192,151,10.607871,2.335182,10.861860
192,152,10.680871,2.306528,10.927080
192,153,10.793115,2.273843,11.030036
192,154,10.771744,2.369281,11.029232
192,155,10.675800,2.474032,10.958720
192,156,10.719652,2.559608,11.021004
192,157,10.731603,2.569113,11.034837
192,158,10.619409,2.657416,10.946858
192,159,10.496024,2.821243,10.868575
192,160,10.553283,2.816556,10.922672
192,161,10.553283,2.816556,10.922672
192,162,9.731250,2.895601,10.152917
192,163,9.241029,2.931014,9.694713
192,164,9.241029,2.931014,9.694713
192,165,9.241029,2.931014,9.694713
192,166,9.158588,3.154994,9.686781
192,167,9.158588,3.154994,9.686781
192,168,9.072043,3.226440,9.628701
192,169,8.985499,3.297886,9.571586
192,170,8.898955,3.369332,9.515451
192,171,8.812410,3.440778,9.460313
192,172,8.812410,3.440778,9.460313
192,173,9.219665,3.513391,9.866414
192,174,9.338144,3.526676,9.981903
192,175,9.354242,3.497680,9.986772
192,176,9.410181,3.352145,9.989414
192,177,9.427002,3.206742,9.957488
192,178,9.410904,3.073215,9.899988
192,179,9.377215,2.941765,9.827825
192,180,9.338238,2.798956,9.748684
192,181,9.302257,2.632067,9.667459
192,182,9.274577,2.430519,9.587763
192,183,9.258475,2.187656,9.513422
192,184,9.255528,1.904721,9.449485
192,185,9.264865,1.598788,9.401800
192,186,9.280478,1.315715,9.373280
192,187,9.287556,1.134958,9.356646
192,188,9.287843,1.030241,9.344807
192,189,9.284194,0.976832,9.335441
192,190,9.280741,0.946691,9.328900
192,191,9.280058,0.934026,9.326944
192,192,9.286842,0.930204,9.333312
192,193,9.307714,0.928363,9.353898
192,194,9.344814,0.930695,9.391046
192,195,9.351295,0.939882,9.398409
192,196,9.344974,0.970141,9.395196
192,197,9.333789,1.008222,9.388084
192,198,9.321158,1.049030,9.380003
192,199,9.309959,1.088817,9.373413
192,200,9.305336,1.120156,9.372514
192,201,9.313832,1.176412,9.387834
192,202,9.371359,1.217551,9.450122
192,203,9.575073,1.290951,9.661707
192,204,9.575073,1.290951,9.661707
192,205,9.575073,1.290951,9.661707
192,206,9.561010,1.407409,9.664043
192,207,9.561010,1.407409,9.664043
192,208,9.561010,1.407409,9.664043
192,209,8.558544,1.538395,8.695708
192,210,7.897793,1.643658,8.067016
192,211,7.398938,1.717424,7.595645
192,212,6.998128,1.762247,7.216600
192,213,6.665754,1.782250,6.899905
192,214,6.384940,1.780968,6.628673
192,215,6.144475,1.761020,6.391852
192,216,5.935990,1.724350,6.181372
192,217,5.752690,1.672613,5.990916
192,218,5.588759,1.607545,5.815362
192,219,5.438968,1.531252,5.650407
192,220,5.298323,1.446342,5.492188
192,221,5.161776,1.355929,5.336897
192,222,5.024120,1.263498,5.180561
192,223,4.880213,1.172680,5.019129
192,224,4.725560,1.086988,4.848965
192,225,4.557181,1.009554,4.667665
192,226,4.374600,0.942928,4.475069
192,227,4.180746,0.889015,4.274223
192,228,3.982605,0.849171,4.072129
192,229,3.791455,0.824482,3.880065
192,230,3.622371,0.816110,3.713167
192,231,3.492319,0.825511,3.588560
192,232,3.415915,0.854169,3.521091
192,233,3.399719,0.902532,3.517478
192,234,3.440907,0.968413,3.574586
192,235,3.526658,1.045173,3.678274
192,236,3.635759,1.121817,3.804894
192,237,3.748346,1.188585,3.932281
192,238,3.851139,1.240099,4.045877
192,239,3.937628,1.275243,4.138980
192,240,4.006111,1.295640,4.210417
192,241,4.057625,1.304140,4.262054
192,242,4.094464,1.303809,4.297040
192,243,4.119302,1.297407,4.318786
192,244,4.134738,1.287196,4.330466
192,245,4.143089,1.274917,4.334813
192,246,4.146320,1.261850,4.334078
192,247,4.146034,1.248901,4.330053
192,248,4.143507,1.236689,4.324125
192,249,4.139730,1.225615,4.317348
192,250,4.135450,1.215928,4.310502
192,251,4.131224,1.207771,4.304151
192,252,4.127450,1.201217,4.298694
192,253,4.124409,1.196297,4.294400
192,254,4.122288,1.193018,4.291451
192,255,4.121200,1.191380,4.289950
